,groupId,files,timeRun,keywords,perPos,perNeg,perPosDoc,perNegDoc,pronounFrac,avgSD,avgEVC
0,Shepherd_train32,10,13.4624948502,"s, get, god, christ, rememb, want, love, ill, said, someon, know, say, i, t, am",0.0301442552985,0.0218465875046,0.9,0.1,0.656758967915,0.680113744589,0.494695406952
1,DorothyDay_test8,10,9.97586297989,"worker, talk, too, love, get, fr, joy, bus, bed, room, farm, met, penanc, reader, put",0.0299579546686,0.0183921751009,1.0,0.0,0.739395651634,0.71674406515,0.751312198843
2,Shepherd_train27,10,14.6534080505,"love, s, don, get, pray, prais, god, t, ask, evil, said, thing, want, christ, ill",0.0324028930529,0.0232002347676,0.7,0.3,0.620149327632,0.709302411718,0.627635395974
3,Unitarian_train13,10,22.6458029747,"feel, s, nt, am, hope, say, know, get, i, ourselv, love, let, tell, door, wonder",0.0298478167504,0.0191809525729,0.9,0.1,0.645929670055,0.724107412547,0.557128914304
4,Unitarian_test6,10,21.1815719604,"nt, know, s, say, let, i, want, love, luck, too, get, feel, joy, am, hope",0.0318405463828,0.0195406380674,0.9,0.1,0.694335652896,0.683120339603,0.573377079251
5,JohnPiper_train57,9,12.5675599575,"spirit, vers, say, meek, god, s, love, shall, perfect, nt, worship, christ, sin, let, confid",0.032168699344,0.0203846714034,0.888888888889,0.111111111111,0.704953638643,0.716042371912,0.808717341519
6,WBC_train34,10,17.0720489025,"shall, unto, god, s, ye, thi, lord, thou, let, afflict, satan, job, babylon, jeremiah, thing",0.0242993264278,0.0336570401186,0.2,0.8,0.591462107918,0.745712314174,0.616966014848
7,DorothyDay_train68,10,9.39228796959,"love, worker, get, christ, pain, too, go, i, talk, babi, put, say, joy, girl, parish",0.0304329050622,0.0252586956919,0.8,0.2,0.69199445807,0.717766247557,0.618931586251
8,Shepherd_train44,10,14.9060850143,"s, god, get, don, christ, want, bless, love, said, ill, whi, know, thing, ask, lord",0.0410804106238,0.0204124760713,0.9,0.1,0.668178251852,0.630179647279,0.611784095788
9,Shepherd_test15,10,14.559431076,"s, christ, love, don, want, ill, know, get, ask, t, go, i, preacher, preach, said",0.0332769159154,0.0220831030573,0.9,0.1,0.606987510099,0.692209473731,0.658612063119
10,DorothyDay_test13,10,8.98790788651,"prison, ammon, worker, tax, love, want, get, poverti, cathol, talk, maurin, peter, room, ask, prayer",0.029049750672,0.0227604237764,0.6,0.4,0.72777219011,0.741314634054,0.707172569408
11,PastorAnderson_test5,10,53.2183439732,"s, re, say, nt, go, get, bibl, sin, let, vers, shall, know, unto, want, thing",0.0233151736011,0.0226453880788,0.7,0.3,0.651868332189,0.720909344274,0.780082389119
12,DorothyDay_test3,10,8.50873708725,"worker, get, ask, retreat, pray, go, peter, fellow, prayer, christ, room, hospit, priest, maurin, seattl",0.0267120521935,0.0192922073372,0.8,0.2,0.714385781115,0.744453820203,0.644077705634
13,DorothyDay_train29,10,7.01356101036,"labor, worker, get, manual, talk, say, christ, parish, too, want, room, dollar, told, stjoseph, go",0.0252919516019,0.0203641951335,0.8,0.2,0.673358122013,0.707462745498,0.692133483888
14,Unitarian_train25,10,22.4896450043,"s, know, say, courag, am, i, nt, magic, silenc, get, dont, talk, think, want, tell",0.0302345413923,0.0185475566725,0.8,0.2,0.681462819852,0.696692646192,0.515977894426
15,JohnPiper_test8,10,11.0801920891,"vers, god, christ, s, nt, say, exult, jesus, love, bless, save, am, lord, boast, worship",0.0330321447713,0.0194904761639,0.8,0.2,0.673756674141,0.642157828215,0.613890619144
16,DorothyDay_train65,10,8.28351593018,"worker, too, get, dollar, tri, told, farm, pray, go, love, fr, judg, talk, stjoseph, room",0.0255484937512,0.021694107574,0.6,0.4,0.724034213629,0.725256990286,0.753823920946
17,WBC_train23,10,16.5288908482,"shall, unto, ye, sin, thou, s, god, thee, sodomit, thi, wit, christ, say, lord, hell",0.0203854774463,0.0311807598095,0.1,0.9,0.64673410867,0.755236149225,0.806565883504
18,WBC_train13,10,18.0304398537,"unto, ye, shall, spirit, sin, christ, s, god, thing, flesh, lord, wit, thou, let, say",0.0270180274954,0.027711559266,0.5,0.5,0.581946346738,0.726279303921,0.595979965424
19,DorothyDay_train58,10,10.1383779049,"worker, get, peter, paper, tri, talk, hospit, farm, want, too, told, go, cathol, labor, priest",0.0247678447895,0.0201187486738,0.8,0.2,0.693440522871,0.764140445559,0.651796777937
20,JohnPiper_test15,10,13.2161660194,"vers, god, s, christ, love, nt, say, glori, bless, kind, bethlehem, let, jesus, thing, hope",0.033611685477,0.0224902296666,0.7,0.3,0.705112897807,0.743678641983,0.588234479152
21,Shepherd_test9,10,15.6516120434,"s, christ, don, ask, get, ill, love, t, rememb, said, god, know, evil, thing, want",0.034797320288,0.0203231809738,1.0,0.0,0.548857678859,0.649449124969,0.597937245294
22,NaumanKhan_train5,10,30.1542170048,"allah, say, know, get, talk, quran, nt, don't, na, want, wa, go, realli, s, guy",0.019377946036,0.0184967484657,0.5,0.5,0.741512083899,0.698615600632,0.67327358308
23,Rabbinic_train16,6,6.19482684135,"apolog, kaplan, ghetto, rememb, steinberg, memori, happen, know, walk, jacob, shul, upris, want, ask, yizkor",0.0192544099355,0.0241125946162,0.333333333333,0.666666666667,0.776534261835,0.744168226506,0.588088485482
24,Rabbinic_train15,10,11.4386827946,"esther, jewish, ask, know, cave, rabbi, complaint, bar, moment, yochai, torah, get, menorah, let, am",0.0196873311523,0.0196530211484,0.5,0.5,0.754905772438,0.759278456079,0.708510642472
25,JohnPiper_train41,10,12.1529359818,"nt, sin, vers, pray, prayer, god, s, say, christ, whi, jesus, thing, answer, rememb, savior",0.0275886309434,0.0254825002338,0.6,0.4,0.721331519444,0.716766225717,0.613909180472
26,DorothyDay_train64,10,8.0065510273,"get, too, talk, worker, want, babi, retreat, christ, tri, say, thing, farm, go, fr, labor",0.0246289441395,0.0180274667062,0.8,0.2,0.70970254052,0.733924328487,0.759201070915
27,DorothyDay_train59,10,10.7275338173,"talk, worker, get, retreat, pray, prayer, tri, too, hospit, am, christ, go, love, thing, say",0.0225141243354,0.020629975033,0.7,0.3,0.701810457194,0.771876390184,0.70575984115
28,Shepherd_test0,10,14.5796301365,"s, get, don, said, want, rememb, t, god, ill, thing, bless, ask, i, thank, say",0.0356005641684,0.0237025801322,0.8,0.2,0.597813784588,0.667167064965,0.51060787872
29,WBC_test11,10,17.0109949112,"shall, unto, ye, thi, thou, hath, god, thee, christ, s, judg, lord, heaven, let, sabbath",0.0265899588863,0.0249937995373,0.6,0.4,0.600062141524,0.779275616603,0.657106535687
30,JohnPiper_train26,10,12.1268930435,"god, vers, christ, s, sabbath, say, glori, gift, nt, let, love, spirit, want, truth, lord",0.0335307845362,0.015280676339,0.9,0.1,0.681927434079,0.747565560334,0.732309597929
31,Shepherd_train55,10,14.086977005,"s, trust, don, troubl, thank, get, ill, want, christ, t, ask, pray, preacher, someon, god",0.0361441105353,0.0227455703669,0.8,0.2,0.650853461877,0.679395381211,0.68056773471
32,MehrBaba_test1,10,7.74507284164,"baba, kenmor, dr, meher, spiritu, master, s, love, discipl, mind, happi, shri, heart, belov, truth",0.0299521466283,0.0136504578298,0.9,0.1,0.70062237064,0.84540963606,0.654871575925
33,MehrBaba_train20,10,8.35703206062,"perfect, mira, master, love, spiritu, baba, truth, mind, conscious, meher, know, s, feel, avatar, god",0.0392245747098,0.0150927803034,1.0,0.0,0.71536862135,0.743158358283,0.711940824031
34,DorothyDay_train27,10,11.2742929459,"get, worker, too, go, ask, talk, strike, bed, street, labor, know, morn, teresa, tri, night",0.0203643574818,0.0239343817327,0.3,0.7,0.724928859193,0.728682002738,0.704281089912
35,Shepherd_train37,10,14.0938379765,"s, don, want, get, christ, ask, rememb, t, sin, said, god, ill, pray, jesus, save",0.0379247919163,0.0191469731438,0.9,0.1,0.53940122304,0.67480713273,0.666019200613
36,DorothyDay_train36,10,9.09847998619,"worker, get, love, room, go, will, too, am, franz, talk, say, novena, farm, know, ask",0.027332147413,0.0199476270556,0.7,0.3,0.729580538435,0.809045489742,0.719375158416
37,Unitarian_train16,10,18.9325361252,"nt, ask, s, get, know, am, congreg, i, moment, love, talk, want, terror, feel, silenc",0.0283830922107,0.0205303588722,0.9,0.1,0.693516282478,0.665565691109,0.641079513758
38,WBC_test3,10,14.2378258705,"shall, unto, christ, ye, s, thou, god, lord, spirit, wit, jehoshaphat, sermon, belov, hath, say",0.0259391121351,0.0277911005173,0.5,0.5,0.595425659798,0.78763087674,0.766085151385
39,Unitarian_test3,10,23.1386561394,"unitarian, let, say, want, am, resist, s, get, nt, i, tell, congreg, know, dont, think",0.0288451185194,0.0205281173331,0.9,0.1,0.638593947545,0.667744849947,0.591012699267
40,JohnPiper_test4,10,11.8788249493,"hope, god, joy, say, christ, spirit, s, nt, truth, vers, want, jesus, sin, glori, will",0.0293991038795,0.0212888538766,0.8,0.2,0.634193356618,0.758900394589,0.756606192331
41,DorothyDay_train47,10,8.6662800312,"worker, love, get, farm, room, christ, say, go, ask, retreat, stjoseph, tri, mott, talk, prayer",0.0328759705805,0.0219233559224,0.8,0.2,0.675635475055,0.732549086838,0.564748963523
42,JohnPiper_train23,10,11.7177910805,"vers, god, christ, s, nt, say, promis, judgment, let, etern, jesus, shall, save, love, perish",0.0277467364531,0.0205993152028,0.8,0.2,0.695657156346,0.716175531678,0.628135676972
43,DorothyDay_train63,10,9.52188897133,"worker, too, talk, go, get, silenc, spoke, poverti, say, prayer, hour, look, retreat, want, seem",0.0239720187898,0.0206969876605,0.6,0.4,0.682494540557,0.733044985516,0.672663218746
44,DorothyDay_train56,10,10.2573399544,"worker, get, fr, room, too, night, farm, priest, ask, labor, prayer, tamar, ownership, know, maurin",0.0242359798364,0.0204450087402,0.6,0.4,0.702880546414,0.756160058539,0.679305906729
45,DorothyDay_train72,10,15.6739459038,"worker, fr, priest, love, i, too, prison, hour, get, talk, strike, go, am, read, farm",0.0274272238438,0.0263055172036,0.6,0.4,0.731325452136,0.736432624218,0.69440613067
46,Shepherd_test10,10,14.8271892071,"s, christ, god, want, get, ask, sin, preacher, don, t, wrath, said, ill, heaven, know",0.0340897220561,0.0244223769179,0.8,0.2,0.589298075939,0.662972687375,0.64539480459
47,PastorAnderson_train8,10,47.0071308613,"s, re, say, nt, get, go, vers, save, unto, know, bibl, let, preach, want, talk",0.0274198103122,0.0165583688993,0.9,0.1,0.676610125659,0.737082548088,0.702123352021
48,PastorAnderson_train15,10,52.9504981041,"s, re, nt, say, get, go, bibl, want, let, know, look, thing, talk, vers, unto",0.0267100719741,0.0173775479951,0.9,0.1,0.675642338464,0.75111577485,0.742472552905
49,DorothyDay_test23,10,13.7212028503,"fr, get, worker, too, priest, christ, talk, am, room, i, maurin, go, ammon, trip, peter",0.0247297602717,0.0203889759872,0.8,0.2,0.715528262937,0.729099509286,0.656441572317
50,Unitarian_train9,10,23.9647579193,"nt, am, forgiv, i, know, depress, s, let, wonder, step, love, say, too, get, feel",0.0259256892895,0.0208110157064,0.6,0.4,0.689910678528,0.695240897507,0.598627612318
51,MehrBaba_train16,10,8.17065095901,"baba, love, sakhu, shri, infinit, realiz, divin, spiritu, discipl, s, mind, truth, master, shall, woman",0.0449352323556,0.0155395061554,1.0,0.0,0.662356745505,0.692592158914,0.662333342699
52,DorothyDay_test16,10,11.2740209103,"retreat, worker, fr, ammon, priest, get, go, i, rayna, love, room, too, knew, girl, lacoutur",0.0276540995712,0.021225768254,0.6,0.4,0.675752236656,0.73518432374,0.693273261519
53,Shepherd_train30,10,14.9205510616,"s, don, grace, god, christ, t, lord, get, said, evil, save, know, want, listen, jesus",0.0356784194099,0.0250044813482,0.8,0.2,0.581326922679,0.706287417532,0.613012385338
54,DorothyDay_test6,10,17.1578979492,"get, worker, too, talk, go, morn, room, want, i, street, say, night, told, thing, am",0.0203568280665,0.0191171362561,0.7,0.3,0.728460858102,0.783209457346,0.792073161392
55,Unitarian_train11,10,18.0152230263,"evil, say, ask, i, s, know, let, love, nt, dont, get, am, ourselv, f, talk",0.024850030225,0.0227547464011,0.5,0.5,0.547807869641,0.676505818477,0.725107550056
56,NaumanKhan_train7,10,19.1055929661,"allah, say, get, know, quran, go, someth, nt, surah, miracl, want, don't, thing, s, tell",0.0197784317294,0.0155192158051,0.9,0.1,0.685819262923,0.689609041161,0.527273702546
57,JohnPiper_train51,10,12.902244091,"vers, sin, s, christ, love, god, jesus, say, nt, spirit, righteous, know, thing, faith, listen",0.0383239133057,0.0227911888252,0.9,0.1,0.734869576131,0.699272617795,0.68931528238
58,JohnPiper_train28,10,13.1488959789,"vers, god, say, nt, christ, s, sin, hope, promis, jesus, let, thing, desir, perfect, will",0.0329673088773,0.0210391864551,1.0,0.0,0.68037296469,0.706837423968,0.725625151876
59,Shepherd_train57,10,13.2637789249,"s, don, know, ask, want, christ, get, said, worship, ill, god, prayer, t, i, merci",0.0275576870872,0.02241180568,0.6,0.4,0.601284924363,0.621027441651,0.622228748896
60,WBC_train27,10,15.3447749615,"shall, unto, christ, god, ye, sin, thou, redeem, obama, s, pride, sermon, lord, hath, philistin",0.0289165215738,0.0265881657696,0.5,0.5,0.640108045881,0.75699514639,0.741621365468
61,Shepherd_train42,10,15.9145131111,"s, get, evil, want, ask, god, walk, said, pray, ill, bless, know, don, lord, thing",0.032968298991,0.0228638705791,0.8,0.2,0.640830099237,0.637467529311,0.675719576944
62,Rabbinic_test5,10,11.7401239872,"mose, israel, jew, jewish, moment, know, rabin, netanyahu, want, ask, jewri, must, diaspora, let, ourselv",0.0196817199594,0.0180667189154,0.7,0.3,0.755580453893,0.704182831299,0.693242293169
63,DorothyDay_test11,10,9.56853914261,"worker, love, get, i, christ, bread, pray, am, tri, say, tree, fr, go, too, street",0.0249873260888,0.0184996214674,0.9,0.1,0.773778341543,0.703408790151,0.583144930826
64,JohnPiper_train24,10,11.5564930439,"vers, god, sin, zion, say, christ, s, nt, fear, heaven, jesus, hope, prais, sacrific, let",0.0322776591073,0.0215102750667,0.8,0.2,0.723107677942,0.747808880695,0.600802365226
65,DorothyDay_test1,10,12.7134377956,"worker, room, i, go, labor, too, retreat, talk, peter, farm, christ, pilgrimag, priest, maurin, morn",0.0240186915366,0.0173171187396,0.9,0.1,0.689391089631,0.73411435445,0.727690487642
66,Unitarian_train18,10,20.5863649845,"say, bread, dont, wonder, i, let, know, get, love, heal, am, realli, tell, dream, ourselv",0.0312867536616,0.0230239442988,0.8,0.2,0.592571211792,0.689961511211,0.651838104418
67,Unitarian_train23,10,20.5496361256,"nt, am, hope, s, know, i, say, congreg, let, feel, want, love, tell, get, ask",0.0265871178717,0.0188882028715,0.9,0.1,0.705559680609,0.642591794867,0.749591340398
68,JohnPiper_train37,10,13.8430871964,"vers, christ, s, say, love, god, jesus, wisdom, spirit, let, nt, answer, husband, thing, sinner",0.0320734485064,0.0220625183721,0.7,0.3,0.696867564233,0.695216945195,0.657093989821
69,Shepherd_train70,10,15.198392868,"s, don, ask, want, get, love, t, god, christ, lord, bad, know, faith, go, walk",0.0399450423685,0.0254005942107,0.9,0.1,0.612730045439,0.691309175211,0.667740917944
70,WBC_train15,10,16.7071650028,"shall, unto, christ, coven, sin, god, s, lord, thou, belov, grace, heaven, hath, etern, ye",0.0293245547333,0.0287049010845,0.4,0.6,0.61404572597,0.760108966069,0.739582426801
71,JohnPiper_train19,10,13.6463069916,"hope, vers, wisdom, s, god, spirit, say, nt, get, prayer, wrath, sin, pray, christ, jesus",0.0289452945849,0.0215269914955,0.7,0.3,0.668612144735,0.722509955391,0.72926370691
72,JohnPiper_test13,10,13.0642180443,"vers, merci, god, christ, s, gospel, say, salvat, love, jesus, shall, spirit, will, answer, occult",0.0333070322019,0.0192400155143,0.9,0.1,0.643866944247,0.797650427529,0.740083069945
73,DorothyDay_test18,10,9.43131709099,"fr, worker, love, too, get, prayer, say, ask, christ, want, pray, retreat, talk, trip, i",0.0272813759634,0.0223632460945,0.8,0.2,0.741891380992,0.70499579686,0.581826187439
74,PastorAnderson_train19,10,52.1498799324,"s, re, say, nt, get, bibl, go, know, want, let, vers, unto, look, talk, tongu",0.0237839465924,0.0160301072551,0.9,0.1,0.636703541682,0.70604942103,0.698849440455
75,NaumanKhan_test0,10,22.3314020634,"allah, nt, know, get, say, s, re, quran, want, go, talk, don't, happen, realli, prophet",0.0206215955344,0.0170119942945,0.7,0.3,0.756004567812,0.681694925169,0.695415035515
76,DorothyDay_train33,10,7.04551815987,"worker, love, too, helen, joy, tivoli, farm, tri, go, talk, say, hard, get, suffer, away",0.0301962256472,0.0235913305684,0.7,0.3,0.761351883434,0.735594614614,0.640959309034
77,Rabbinic_train10,10,11.4777870178,"mose, rabbi, moment, am, know, synagogu, jewish, choos, jewri, ask, abraham, say, don't, bless, ourselv",0.0245008459495,0.0216124340779,0.4,0.6,0.761134081314,0.740096386801,0.613995498344
78,WBC_test6,10,13.693310976,"unto, shall, lord, thee, thou, sin, wit, ye, god, s, preach, jeremiah, sermon, ie, belov",0.0249821247459,0.0314980010888,0.3,0.7,0.554795048865,0.763731444963,0.757147253292
79,Rabbinic_train6,10,10.9512679577,"evil, israel, rabbi, jew, jewish, am, isra, happi, whi, know, parent, isaac, diaspora, jacob, netanyahu",0.0206270970785,0.0197755758893,0.8,0.2,0.756902466542,0.727758762005,0.648188624649
80,JohnPiper_train47,10,13.46022892,"christ, vers, god, say, gift, s, husband, grace, nt, let, hope, sin, jesus, heal, thing",0.033708014935,0.0206485934503,0.8,0.2,0.711118666682,0.753660620949,0.543923075592
81,DorothyDay_train42,10,17.0609002113,"get, too, worker, night, retreat, max, farm, go, love, room, i, danvill, am, know, priest",0.0230649639339,0.0215097987536,0.4,0.6,0.734767380279,0.775736813357,0.714418926973
82,DorothyDay_train66,10,10.1999840736,"worker, get, talk, poverti, too, am, tri, want, go, job, room, thing, cloth, love, i",0.0294558541312,0.0253820623425,0.7,0.3,0.705480335035,0.723628185327,0.723452194827
83,Shepherd_train66,10,13.8460381031,"s, thank, sin, love, don, christ, pray, t, lord, say, want, said, know, get, god",0.0332552088237,0.0218296049147,0.7,0.3,0.652417261801,0.702181712953,0.753043455508
84,DorothyDay_train77,4,3.84296703339,"tri, get, ask, talk, morn, worker, told, street, tivoli, bread, bless, go, night, hospit, farm",0.0255625590453,0.0194329651213,1.0,0.0,0.716951832136,0.709150942038,0.712319607344
85,Shepherd_test20,10,15.4367802143,"s, get, christ, don, thank, god, t, want, ask, lord, sin, hope, thing, know, said",0.0350040889402,0.0189830273182,0.9,0.1,0.580369145283,0.651567704991,0.607939242968
86,Shepherd_test6,10,14.9128470421,"s, get, fear, christ, don, ill, t, want, wisdom, said, say, god, good, thing, noth",0.0336678875153,0.0250200793965,0.8,0.2,0.623797426319,0.664210589341,0.596823586896
87,PastorAnderson_train12,10,55.0621919632,"s, re, nt, say, get, bibl, go, preach, want, vers, sin, whi, look, thing, let",0.0262053001719,0.0225646348784,0.7,0.3,0.746140761606,0.700380747622,0.672272868675
88,MehrBaba_test3,10,6.26498699188,"baba, shri, meher, mind, suffer, madmast, narad, perfect, soul, ask, conscious, god, mental, avatar, happi",0.0323122452795,0.0243967977099,0.7,0.3,0.721639743688,0.75515622143,0.744718083892
89,MehrBaba_train26,5,3.21648597717,"finit, conscious, love, realiti, ideal, bahinabai, realiz, uniti, individu, infinit, valu, realm, tri, genuin, vithal",0.0344842550423,0.0151500867813,0.8,0.2,0.669396825397,0.751493824221,0.717285691192
90,WBC_train30,10,14.6158289909,"unto, shall, thou, mose, thee, s, god, pharaoh, lord, fag, ye, thi, christ, sin, wit",0.0252827910866,0.0274811075805,0.5,0.5,0.58290056805,0.720887370693,0.801847402053
91,PastorAnderson_train21,10,43.8264629841,"s, re, nt, say, go, get, bibl, vers, know, want, let, save, god, talk, hell",0.0249670285408,0.0229893733106,0.6,0.4,0.738250030355,0.703431164393,0.673224493105
92,Shepherd_train35,10,14.559910059,"s, get, want, christ, don, ask, sin, said, know, thing, t, god, jesus, worship, ill",0.0308804244587,0.0238485222373,0.7,0.3,0.677181809262,0.66067040251,0.723349769338
93,DorothyDay_train34,10,11.9919769764,"rememb, worker, i, too, get, poverti, talk, want, felt, told, feel, hospit, tri, joy, go",0.0207112740285,0.0208139569168,0.6,0.4,0.733017522883,0.706647266179,0.694976701082
94,Shepherd_train24,10,13.9878568649,"sin, christ, s, pray, get, want, thing, ask, ill, don, sure, know, save, prayer, god",0.032895954947,0.0248553165379,0.7,0.3,0.636898929499,0.678904030915,0.558110442204
95,Unitarian_train14,10,14.9188160896,"sing, love, too, i, want, say, joy, thank, feel, s, am, let, nt, someth, know",0.0314295666169,0.0313968344428,0.5,0.5,0.683894779343,0.697349724607,0.688984055862
96,WBC_test1,10,14.864978075,"shall, unto, ye, thou, thee, s, lord, god, belov, wit, say, heaven, sermon, submit, christ",0.0259898168889,0.0284657001177,0.5,0.5,0.602889106902,0.715941842032,0.746996782746
97,Unitarian_test5,10,22.7113349438,"am, fear, get, hope, let, i, love, nt, know, say, too, want, dont, talk, mind",0.0286286861444,0.025067584906,0.8,0.2,0.644381350105,0.693335826715,0.631390768157
98,Rabbinic_train7,10,11.0921120644,"know, jew, ritual, israel, jewish, ask, moment, rabbi, synagogu, tell, ourselv, mose, rosenzweig, judaism, will",0.019276110397,0.0170714478216,0.8,0.2,0.789585673103,0.689379241382,0.633663895031
99,JohnPiper_train48,10,12.5982558727,"sin, vers, god, christ, s, jonah, say, job, etern, answer, worship, hope, save, nt, lord",0.0265315482622,0.0355486554978,0.4,0.6,0.707085964204,0.730113154733,0.602222586559
100,DorothyDay_train51,10,9.81208014488,"get, worker, love, too, christ, want, maurin, farm, destitut, am, go, talk, priest, room, fr",0.0255081314203,0.0229305867832,0.6,0.4,0.702234950578,0.76109235155,0.755076098952
101,JohnPiper_test2,10,12.0516228676,"vers, glori, god, hope, s, say, nt, jesus, asa, worship, let, get, preach, will, gospel",0.0309110642362,0.0198804138744,0.8,0.2,0.709726435892,0.72891566486,0.762859479552
102,DorothyDay_train45,10,7.09575915337,"prison, farm, worker, room, fr, go, get, stjoseph, cuba, talk, street, say, tri, want, done",0.0231429757663,0.0226284096203,0.7,0.3,0.679796105394,0.72594323103,0.598562272272
103,WBC_train37,10,15.4415850639,"shall, unto, lord, thou, ye, s, god, prophet, soul, wit, christ, say, isaiah, heaven, sermon",0.0219844281649,0.0315314379053,0.2,0.8,0.586758204344,0.729465251779,0.646156453914
104,Shepherd_train50,10,14.3918020725,"s, get, christ, ask, mind, don, know, sin, want, ill, said, t, think, jesus, tell",0.0303241290004,0.0255236406565,0.8,0.2,0.596629912528,0.662733745515,0.704932103104
105,Shepherd_train72,8,11.900703907,"sin, s, get, don, t, christ, ask, know, whi, want, pray, said, i, ill, do",0.0284404444191,0.0254946512964,0.75,0.25,0.571555624322,0.669009790602,0.579709668144
106,DorothyDay_train50,10,8.29640698433,"worker, get, mike, fr, pilgrimag, go, love, mroconnel, retreat, street, say, tell, maurin, mauric, desir",0.0255467816585,0.0172920197139,0.8,0.2,0.645039649534,0.689134160957,0.634853461588
107,DorothyDay_train70,10,9.50954604149,"christ, worker, ask, room, farm, love, poverti, go, say, get, too, tri, am, i, labor",0.0266987143496,0.0219522124368,0.8,0.2,0.725096657641,0.783628846835,0.68510105363
108,DorothyDay_train71,10,10.1880691051,"worker, poverti, talk, get, room, i, too, reader, happi, ask, fidel, dakota, fr, poor, go",0.0269543855149,0.0191106908638,0.7,0.3,0.732475885995,0.757855699076,0.683654270081
109,Rabbinic_test2,10,9.52129387856,"rabbi, israel, torah, jewish, know, steinberg, trial, samson, jew, jacob, borowitz, eichmann, isra, ask, jewri",0.0234512907074,0.0180398420727,0.8,0.2,0.755432434392,0.709646219291,0.630425462471
110,WBC_train19,10,18.1701750755,"unto, shall, christ, god, s, lord, ye, thou, heaven, sin, thi, thing, belov, hath, jezebel",0.02731272233,0.0253002470372,0.5,0.5,0.621433077039,0.747598830771,0.650951210804
111,Shepherd_test16,10,15.1991040707,"s, don, get, want, sunday, god, bad, know, christ, t, said, ask, ill, need, thing",0.0342742437053,0.022227791055,0.9,0.1,0.581871371733,0.657871385663,0.678009893109
112,DorothyDay_test21,10,15.3150098324,"love, retreat, fr, worker, too, farm, get, hospit, sin, room, go, god, maurin, talk, am",0.0275155766185,0.0212165182816,0.8,0.2,0.704068616008,0.75534240605,0.870691486087
113,MehrBaba_train14,10,8.83890795708,"baba, tajuddin, love, master, discipl, ask, perfect, s, seem, meher, joy, let, say, spiritu, conscious",0.0372463032846,0.023167571832,1.0,0.0,0.747301767441,0.731265814571,0.703830201726
114,MehrBaba_test8,10,9.50315403938,"baba, sai, hors, s, spiritu, meher, nt, spirit, mr, plane, conscious, ask, want, shall, mind",0.0256067156899,0.020480676606,0.6,0.4,0.625835706279,0.745138798057,0.729247462438
115,DorothyDay_test14,10,8.80820894241,"worker, too, get, prayer, maurin, morn, love, pray, farm, room, hope, trip, i, am, peter",0.0243235362361,0.0197257720165,0.6,0.4,0.712015192001,0.782161204216,0.615794080737
116,DorothyDay_test4,10,8.72614192963,"car, prayer, pray, get, worker, room, go, conscript, say, got, am, farm, i, pilgrim, talk",0.0292093315132,0.019772935556,0.8,0.2,0.667636645111,0.756672598785,0.753043591691
117,Shepherd_train23,10,14.4623429775,"s, christ, don, god, t, get, ill, said, know, ask, let, want, sin, preacher, say",0.0327495063859,0.0247658938479,0.8,0.2,0.554580635805,0.711014666507,0.63967805751
118,WBC_test8,10,12.3068919182,"unto, shall, ye, christ, heaven, god, lord, thou, say, thing, priest, glori, thi, wit, s",0.0293603167637,0.0271400663978,0.5,0.5,0.549813311459,0.739009780727,0.648210512869
119,JohnPiper_train53,10,14.7005910873,"love, god, say, vers, christ, s, hope, glori, jesus, abort, let, sin, baptism, whi, will",0.0310548044138,0.0196054591109,0.7,0.3,0.706104735317,0.615548132878,0.611233438938
120,WBC_train38,10,12.9944140911,"shall, unto, god, ye, fear, thi, comfort, lord, thou, grace, christ, wait, hath, s, thee",0.0321139038182,0.0279936931007,0.5,0.5,0.613173126603,0.706508501204,0.603042915461
121,WBC_train20,10,14.2072238922,"shall, unto, ye, lord, thee, thou, thi, wit, god, belov, s, hath, say, thing, let",0.026677231969,0.026692404428,0.6,0.4,0.573499859371,0.736631736621,0.790901356094
122,NaumanKhan_train3,10,24.3415060043,"allah, know, get, talk, say, na, don't, quran, thing, go, want, someth, nt, am, realli",0.0205844122954,0.0137845215547,0.9,0.1,0.723659593369,0.565506374012,0.429634736899
123,Shepherd_test19,10,14.5644888878,"s, christ, get, don, jesus, t, ask, know, want, say, said, ill, god, thank, pray",0.032601954832,0.0212995187325,0.7,0.3,0.583472873932,0.652429557068,0.650826736809
124,JohnPiper_train31,10,14.0202610493,"sin, vers, worship, god, walk, coven, say, s, christ, nt, hope, fellowship, let, jesus, promis",0.0258437705248,0.0268151311716,0.5,0.5,0.674207603558,0.725530831442,0.585804298718
125,PastorAnderson_test1,10,51.7792899609,"s, re, nt, say, get, go, know, bibl, want, ve, pastor, vers, let, whi, unto",0.0274633292575,0.0181864695717,0.9,0.1,0.740339629694,0.732130201859,0.762578009317
126,JohnPiper_train20,10,12.3258960247,"vers, god, say, s, christ, jesus, glori, desir, prayer, gospel, let, get, will, nt, want",0.0286536387808,0.018745286928,0.8,0.2,0.728401113711,0.726912487102,0.689727973377
127,Rabbinic_train9,10,12.7823579311,"failur, mose, rabbi, moment, schulwei, know, god, bibl, ask, ourselv, tri, want, perfect, yom, synagogu",0.021249192733,0.0205530255982,0.4,0.6,0.772509002415,0.745885879223,0.562759193937
128,Unitarian_train21,10,19.1202502251,"dream, nt, s, tell, know, get, i, say, silenc, awar, ask, am, homeless, feel, rememb",0.0254872565708,0.0237529307633,0.8,0.2,0.710651470595,0.716034065085,0.721496673249
129,DorothyDay_train38,10,10.6328368187,"hutterit, worker, too, room, talk, go, visit, get, walk, tell, told, i, ask, bread, padr",0.0269959427518,0.0189708258015,0.6,0.4,0.717632065335,0.741147986515,0.651111199906
130,JohnPiper_train35,10,13.3641211987,"vers, prayer, god, pray, s, let, nt, say, hope, want, will, gift, christ, know, thing",0.0283832334414,0.0190227974157,0.7,0.3,0.709240659367,0.724260533121,0.64820574181
131,WBC_train17,10,13.7727329731,"shall, unto, hath, god, ye, christ, lord, ie, wit, heaven, thou, sin, belov, s, job",0.0297216981787,0.0328930104385,0.4,0.6,0.598303595308,0.722812368233,0.684096225417
132,DorothyDay_train49,10,9.60964393616,"worker, get, labor, prayer, steel, poverti, christ, cathol, farm, say, maurin, rosari, go, i, retreat",0.0249365289694,0.0213690726398,0.7,0.3,0.697605397619,0.773976391418,0.656154569025
133,Shepherd_train61,10,15.3101489544,"s, get, christ, don, god, t, know, ill, love, ask, preacher, said, christma, preach, want",0.0314548253768,0.020631690655,0.9,0.1,0.567290329582,0.670284230384,0.750733800912
134,JohnPiper_test11,10,12.0453341007,"god, s, nt, christ, vers, hope, job, love, faith, say, grace, satan, glori, let, jesus",0.0451258647731,0.023599602698,0.9,0.1,0.692903781752,0.677173637604,0.695831626017
135,WBC_test12,10,18.120623827,"shall, unto, thi, thou, lord, s, thee, mose, god, ye, heaven, scriptur, angel, wit, say",0.0261735410516,0.0271327759711,0.6,0.4,0.604353833605,0.725111958272,0.847961752598
136,MehrBaba_train18,10,7.08784890175,"baba, mind, s, master, maya, meher, spiritu, feel, conscious, perfect, suffer, nt, shri, mental, soul",0.030493452177,0.0257817540664,0.6,0.4,0.741331316208,0.748820186494,0.786617027351
137,MehrBaba_test4,10,10.3602671623,"baba, perfect, tajuddin, shri, love, s, master, spiritu, mind, want, ask, say, know, divin, nagpur",0.0326239413849,0.0189034268087,0.9,0.1,0.743561618364,0.780134991265,0.759527293755
138,MehrBaba_train23,10,9.34661102295,"baba, master, s, miracl, meher, spiritu, pure, divin, prophet, perfect, shri, realiz, mind, love, indispens",0.0364434649707,0.0178112571394,0.9,0.1,0.734764962012,0.750661508884,0.820784362254
139,DorothyDay_train24,10,9.37360095978,"worker, talk, get, too, maurin, farm, go, room, am, visit, morn, i, tri, addict, cathol",0.0241456203955,0.0161118744047,0.9,0.1,0.64461444689,0.779623786381,0.75931097703
140,DorothyDay_train31,10,12.5795779228,"worker, priest, get, talk, labor, prison, am, room, night, too, factori, joy, tri, girl, i",0.0258583396549,0.0221911243122,0.6,0.4,0.695138026393,0.717846796298,0.738875375038
141,Rabbinic_train12,10,9.88691997528,"mose, plagu, isra, rabbi, ask, dew, whi, know, moment, too, jew, fear, rebecca, want, truth",0.0209828186138,0.0209726599684,0.6,0.4,0.726988435145,0.739987793709,0.694151631864
142,WBC_test4,10,17.6773319244,"unto, shall, christ, thou, thi, thee, ye, s, lord, god, belov, sin, forget, hath, heaven",0.0274331873884,0.02316029616,0.5,0.5,0.648927560384,0.772710246732,0.807651288058
143,JohnPiper_train45,10,12.3355109692,"vers, s, say, nt, god, hear, perish, jesus, luke, let, wonder, repent, apostl, distress, matur",0.0305352261669,0.0253421951758,0.6,0.4,0.671782773569,0.689725091427,0.767351228347
144,JohnPiper_test7,10,11.4399600029,"god, s, righteous, job, vers, bless, sin, say, nt, jesus, elihu, christ, hope, know, wick",0.0346814915266,0.0285575343496,0.6,0.4,0.720284454229,0.681336360525,0.614311053093
145,DorothyDay_train40,10,8.88023495674,"worker, tri, get, peter, say, too, dont, talk, maurin, poverti, go, farm, know, love, money",0.0275620696627,0.0182348340798,0.9,0.1,0.709762309127,0.736308852537,0.670183632104
146,DorothyDay_train60,10,8.46159887314,"love, worker, christ, thing, evil, tri, too, know, talk, desir, am, want, say, god, woman",0.0281717550036,0.0254580074034,0.8,0.2,0.695126584358,0.765053343794,0.697287240679
147,DorothyDay_train55,10,16.4428679943,"worker, room, hospit, get, strike, priest, labor, too, cathol, jack, talk, unemploy, prison, say, go",0.0232514219878,0.0241878842123,0.7,0.3,0.661731925845,0.769984608838,0.739977292624
148,DorothyDay_train75,10,12.7427890301,"worker, strike, priest, farm, too, get, talk, go, labor, maurin, room, will, care, ask, love",0.0237892812587,0.0191043146931,0.7,0.3,0.740337641462,0.783115085672,0.743359216567
149,JohnPiper_train29,10,13.6185939312,"vers, god, s, christ, say, abid, love, sin, truth, let, glori, nt, suppress, baptism, whi",0.0295267882385,0.0289632892173,0.5,0.5,0.649229803001,0.776717576954,0.702777257614
150,JohnPiper_train33,10,13.3485679626,"vers, s, god, nt, hope, say, spirit, christ, mose, glori, let, weak, whi, love, joy",0.0322195281192,0.0266247657175,0.7,0.3,0.676675207302,0.653892505438,0.717070476937
151,PastorAnderson_train7,10,49.4346699715,"s, re, nt, say, get, go, bibl, vers, want, let, know, thing, look, talk, ve",0.0257807892711,0.0220624570565,0.6,0.4,0.675138326211,0.731000717912,0.825339258886
152,PastorAnderson_train10,10,54.0565440655,"s, re, nt, get, say, bibl, go, want, know, talk, vers, ve, look, let, whi",0.0290527320018,0.0159542551393,0.8,0.2,0.615678155971,0.724641014193,0.731336399081
153,MehrBaba_train13,10,9.26249217987,"baba, conscious, master, plane, s, imagin, mental, mind, spiritu, know, soul, subtl, love, desir, get",0.0310966293787,0.0153110590107,0.8,0.2,0.733791262601,0.786439483777,0.771394692535
154,MehrBaba_train24,10,11.2465500832,"baba, meher, master, desir, s, conscious, want, love, feel, nt, mast, self, spiritu, selfish, perfect",0.0324832409774,0.0183313718607,0.8,0.2,0.743295273985,0.732465351861,0.762152623743
155,Shepherd_train33,10,13.2665989399,"s, ask, sin, don, pray, get, christ, love, prayer, ill, god, know, want, t, said",0.0334828707701,0.0233587751854,0.6,0.4,0.671015159442,0.640944719304,0.726369796579
156,Shepherd_train26,10,13.5785999298,"s, god, want, christ, get, know, don, sin, jesus, ill, bless, walk, let, ask, said",0.0355949607815,0.0235348164898,0.7,0.3,0.606324714965,0.663436764389,0.593106724014
157,Unitarian_train12,10,18.6537070274,"am, feel, obstacl, flower, s, i, grief, love, nt, sermon, silenc, unitarian, know, too, let",0.0299931519802,0.0228576799493,0.8,0.2,0.671067127802,0.72267288323,0.658764240189
158,Unitarian_test7,10,20.5884699821,"wound, listen, i, disappoint, am, feel, know, want, silenc, love, get, nt, say, let, ask",0.0291278154961,0.0216568314818,0.8,0.2,0.700490703926,0.68446312002,0.595177950467
159,JohnPiper_train56,10,12.9785890579,"grace, god, vers, s, say, abraham, glori, bless, christ, save, nt, righteous, merci, gift, shall",0.0393213555473,0.0135976924961,1.0,0.0,0.694358176731,0.728508572094,0.76274724839
160,JohnPiper_test0,10,12.9730350971,"vers, s, jesus, christ, god, say, fruit, let, nt, love, sing, ministri, will, jerusalem, save",0.0271214341571,0.0148865858176,0.9,0.1,0.678614788579,0.675472486693,0.705000126249
161,JohnPiper_train27,10,12.8001718521,"hope, vers, god, grace, christ, s, glori, say, love, gospel, will, spirit, promis, let, whi",0.0353755359986,0.0171629611761,1.0,0.0,0.724920144412,0.696551735378,0.629648045243
162,Shepherd_train52,10,14.2328000069,"s, get, ask, god, don, christ, sin, ill, t, said, someon, thank, love, want, i",0.0348151129773,0.0226575558945,0.8,0.2,0.613524166004,0.714669000257,0.638074782748
163,DorothyDay_train52,10,7.56751489639,"worker, priest, poverti, peter, farm, room, eve, goat, bread, get, love, job, thing, door, tri",0.0280089527983,0.0220317627403,0.7,0.3,0.62186887828,0.728485058763,0.700534839058
164,Shepherd_train47,10,14.1825330257,"s, don, get, t, want, ask, ill, said, thing, say, god, think, love, stress, go",0.0357218918825,0.0261239539969,0.7,0.3,0.552706892417,0.646926964519,0.575226466162
165,Rabbinic_test0,10,11.0432088375,"rabbi, ask, whi, know, ourselv, too, bless, will, am, yom, kippur, â€¦, sin, cain, let",0.0221803002931,0.0236913546787,0.6,0.4,0.768858335699,0.740991173289,0.708845816149
166,Shepherd_train68,10,14.4696729183,"s, pray, christ, love, preach, ask, god, don, grace, want, get, prayer, ill, spirit, i",0.0374193708236,0.0172827970757,0.9,0.1,0.604655384861,0.665109512303,0.638773805029
167,Shepherd_test14,10,16.5382220745,"s, don, christ, get, ask, t, want, ill, said, sin, prayer, know, car, go, i",0.0287967407964,0.0241317707218,0.7,0.3,0.584700855902,0.70281434657,0.632713427252
168,DorothyDay_test12,10,14.1807320118,"worker, get, room, am, too, i, want, feel, priest, go, night, dollar, comfort, babi, ask",0.0236031861482,0.0192855470551,0.8,0.2,0.682189268183,0.740805533823,0.745079229445
169,PastorAnderson_test4,10,46.7982370853,"s, re, say, get, nt, go, bibl, want, let, whi, vers, know, save, god, look",0.0256588473333,0.0172562206324,1.0,0.0,0.574162635018,0.734553427469,0.809818599434
170,DorothyDay_test2,10,13.649479866,"get, worker, farm, room, prison, too, am, go, polic, say, maurin, labor, striker, talk, i",0.0237070759466,0.0205283491345,0.7,0.3,0.682071196862,0.7630671872,0.644522837839
171,DorothyDay_train28,10,9.99751210213,"worker, get, say, farm, love, labor, tri, talk, know, am, let, too, hour, thing, strike",0.0301217800893,0.0207646190372,0.8,0.2,0.716372072931,0.755861022121,0.742774232948
172,Unitarian_train26,10,21.0256521702,"guilt, feel, i, let, am, s, nt, silenc, get, love, know, say, unitarian, want, ask",0.027726944824,0.0205998688011,0.9,0.1,0.67750263519,0.702219363274,0.683383097464
173,JohnPiper_test9,10,12.9175028801,"vers, god, christ, s, sin, bless, say, anxieti, grace, let, glori, prayer, love, nt, reconcili",0.034950194558,0.0226126644327,0.8,0.2,0.680308042955,0.685187801131,0.681477334635
174,JohnPiper_train30,10,13.3079609871,"vers, god, christ, sin, say, coven, s, spirit, heaven, glori, nt, righteous, save, grace, whi",0.032921250593,0.0200127159728,0.8,0.2,0.706243377078,0.785360373575,0.733396085682
175,Shepherd_test4,10,14.230091095,"s, get, want, don, christ, car, know, ask, i, t, thing, ill, god, said, drink",0.0286285856663,0.0245058708105,0.5,0.5,0.633833887174,0.659970172943,0.548325690508
176,JohnPiper_test16,10,12.598156929,"christ, vers, god, love, s, say, grace, sin, spirit, exult, joy, promis, coven, jew, nt",0.0374920945535,0.0164706915061,0.9,0.1,0.671586465441,0.735195867911,0.688529478465
177,Shepherd_test8,10,14.761963129,"s, don, worship, want, t, get, sin, ask, thing, ill, said, lord, thank, preacher, christ",0.0345287743136,0.0203502009535,0.8,0.2,0.599655308801,0.637956904123,0.608336398696
178,JohnPiper_train32,10,13.6178369522,"god, vers, husband, jesus, say, s, love, abid, nt, let, spirit, sin, prayer, know, christ",0.0304033494951,0.0187648357191,0.8,0.2,0.683299194802,0.703874673738,0.715925169461
179,PastorAnderson_test3,10,53.3060939312,"s, re, say, nt, go, get, bibl, want, know, talk, vers, whi, let, thing, ve",0.0275058871249,0.0176607333173,0.8,0.2,0.610889426969,0.729303556309,0.773363670013
180,WBC_train29,10,15.8603181839,"shall, unto, s, god, sin, thou, thi, thee, christ, heaven, lord, salvat, ye, belov, repent",0.0332653189106,0.0259823360405,0.7,0.3,0.60359664506,0.705482535565,0.711655301493
181,WBC_train41,9,13.7378060818,"shall, unto, repent, ye, thou, god, sin, heaven, lord, thi, say, thee, s, christ, wit",0.0279948274576,0.024952961408,0.555555555556,0.444444444444,0.621827635087,0.782554833058,0.76686110105
182,NaumanKhan_train8,4,6.47008705139,"allah, get, na, say, permiss, ask, want, don't, know, dont, talk, thing, whi, go, gon",0.0194789060384,0.0149547514273,0.75,0.25,0.567088242309,0.662223257505,0.612139429394
183,JohnPiper_train42,10,12.4018130302,"sin, vers, christ, spirit, jesus, god, s, say, fear, let, husband, forgiv, know, nt, promis",0.0279065995047,0.0258980270526,0.5,0.5,0.71359816215,0.676999994771,0.738274033926
184,Shepherd_train63,10,15.6265208721,"s, don, get, walk, god, christ, ill, t, want, said, ask, re, know, i, say",0.0327244390827,0.0214421602125,0.7,0.3,0.585852922378,0.651794466161,0.585526300344
185,Shepherd_test3,10,15.7263650894,"s, ask, christ, pray, don, get, want, ill, go, door, god, know, devil, let, satan",0.0275057852207,0.0232385947086,0.6,0.4,0.64687731219,0.653182030778,0.551434361265
186,WBC_test10,10,14.7870008945,"shall, unto, prophet, ye, god, wit, s, thou, christ, heaven, hath, ie, lord, belov, thi",0.0241519462411,0.0278756022651,0.4,0.6,0.545919271852,0.776218714837,0.777579575501
187,MehrBaba_test6,10,10.5002579689,"baba, s, nt, want, re, meher, self, dr, mr, mind, imperson, know, god, whi, spiritu",0.0251502364783,0.0183568713481,0.5,0.5,0.755461936092,0.74398363177,0.730046611333
188,MehrBaba_train21,10,9.6269569397,"baba, love, meher, belov, divin, master, conscious, s, shri, spiritu, lover, feel, desir, infinit, mind",0.0433359317023,0.0165774833259,1.0,0.0,0.717189747986,0.745307926816,0.673721238962
189,PastorAnderson_train22,8,39.088768959,"s, re, say, nt, vers, get, bibl, go, preach, christ, chapter, repent, know, look, let",0.0245499310657,0.0164148933542,0.875,0.125,0.701264285221,0.683004274512,0.756810366114
190,DorothyDay_train26,10,10.3289589882,"am, worker, too, tamar, rememb, farm, hospit, night, go, i, maurin, room, talk, tri, say",0.0262658097101,0.0185003531669,0.9,0.1,0.721777890781,0.778373675813,0.753811618845
191,Shepherd_train38,10,13.7882630825,"s, don, christ, dad, t, get, ask, thing, ill, didn, thank, know, said, i, let",0.0322625395036,0.0178166318127,1.0,0.0,0.579081960897,0.633785927429,0.681206817465
192,DorothyDay_train37,10,18.235615015,"love, fr, worker, room, too, say, talk, fear, tri, priest, get, want, am, bed, retreat",0.0269626958624,0.0234383133156,0.6,0.4,0.716535366546,0.740540656126,0.618294942152
193,Shepherd_train29,10,15.0168430805,"love, s, get, don, happen, thing, whi, said, god, ask, know, bad, sin, ill, t",0.0335911279822,0.0277229729705,0.7,0.3,0.602953982825,0.667230498815,0.608011684511
194,WBC_test2,10,18.7570061684,"shall, unto, god, thou, thee, ye, thi, s, lord, wrath, hell, obama, hath, christ, say",0.0215829159543,0.0297350431801,0.2,0.8,0.57784931728,0.789299100989,0.743103143531
195,Unitarian_test0,10,19.0299990177,"feel, fear, silenc, tell, want, rememb, i, s, bless, bend, know, talk, am, love, say",0.0309988386586,0.0272603270268,0.7,0.3,0.656651257311,0.700044471649,0.561686586818
196,JohnPiper_test5,10,12.1248290539,"vers, christ, jesus, s, god, say, sin, nt, salvat, templ, glori, priest, let, promis, thing",0.0282907819651,0.0230763000636,0.7,0.3,0.673875277281,0.726441571236,0.708382051601
197,DorothyDay_train46,10,11.3056399822,"worker, obedi, get, retreat, too, farm, tri, say, go, know, i, maurin, night, rememb, talk",0.024163219077,0.0194269579878,0.6,0.4,0.709753764646,0.747619619591,0.731882918973
198,WBC_train32,10,16.8107199669,"unto, shall, christ, thou, thee, lord, s, ye, job, thi, god, say, belov, jesus, let",0.0257952065218,0.0263559833822,0.4,0.6,0.680237821038,0.800523452182,0.757680671062
199,DorothyDay_train62,10,11.0161499977,"love, worker, talk, too, get, tri, tanzania, say, farm, hospit, go, cathol, prayer, nyerer, night",0.0250963559855,0.0183479012881,0.9,0.1,0.664826345981,0.792153070148,0.830948997413
200,DorothyDay_train57,10,11.6970031261,"get, am, worker, i, talk, room, too, farm, tri, prayer, night, morn, go, pray, fr",0.0227884760944,0.0149214971458,0.8,0.2,0.716534918518,0.745298002531,0.754364006409
201,DorothyDay_train73,10,9.31676697731,"worker, too, get, love, street, am, ask, julia, go, jim, hospit, priest, transcend, god, seem",0.0293643364859,0.0172834533745,0.9,0.1,0.732674819146,0.717169734717,0.614368816072
202,Shepherd_test13,10,14.0744729042,"s, don, get, bless, christ, thank, rememb, want, god, ill, know, prayer, t, look, jesus",0.0359185554294,0.0163696445203,1.0,0.0,0.616947108063,0.666713073718,0.722230687064
203,PastorAnderson_train9,10,51.6724491119,"s, nt, re, say, go, get, bibl, know, let, want, thing, whi, vers, look, unto",0.0237544759463,0.020276519709,0.6,0.4,0.670015692766,0.738570659463,0.786189809987
204,PastorAnderson_train16,10,41.4388940334,"s, re, nt, say, get, go, sin, bibl, want, unto, thing, preach, ve, know, pastor",0.0253456932667,0.0217619113819,0.8,0.2,0.705702185515,0.699359478352,0.758692641554
205,DorothyDay_train69,10,6.71067094803,"retreat, get, worker, know, go, say, love, jail, farm, tri, job, want, too, talk, fr",0.0260121737925,0.0221353389254,0.7,0.3,0.688252421934,0.720763760681,0.730909291402
206,MehrBaba_train11,10,7.97800993919,"baba, mind, shri, meher, infinit, mystic, divin, forget, realiz, love, truth, s, maharaj, spiritu, will",0.0316474186502,0.0157119347062,1.0,0.0,0.661127467233,0.737627012662,0.66941834692
207,Shepherd_train31,10,14.5944509506,"sin, s, get, god, don, know, want, say, ask, t, happi, ill, elder, lord, preacher",0.0326132420123,0.0249571075875,0.8,0.2,0.617564588021,0.650622479525,0.58166830836
208,DorothyDay_test9,10,11.2734341621,"love, tri, get, too, room, go, talk, worker, want, morn, say, walk, happi, feel, i",0.0304693084729,0.0205987099225,0.9,0.1,0.718839689378,0.759568795398,0.780402039123
209,Unitarian_train10,10,14.3860681057,"say, s, soul, tell, emerson, know, nt, love, forgiv, talk, let, gift, ourselv, thing, too",0.0252205183829,0.0237177762731,0.5,0.5,0.698755802971,0.672357345999,0.627592572986
210,WBC_train25,10,15.7870280743,"shall, unto, ye, god, christ, thou, lord, heaven, s, sin, thi, belov, say, hell, hath",0.0281940128734,0.0293069523091,0.7,0.3,0.670990429245,0.749076474158,0.776881239588
211,JohnPiper_train50,10,10.230615139,"christ, vers, love, god, grace, s, want, say, spirit, prayer, jesus, nt, uniti, thing, answer",0.0383624685472,0.0138504944006,1.0,0.0,0.680786536784,0.746227475074,0.629650275091
212,Shepherd_train59,10,15.3828179836,"s, don, get, christ, t, sin, want, ill, know, god, friend, got, let, ask, said",0.0315441696038,0.028473905405,0.7,0.3,0.566955575362,0.636880993035,0.675244979243
213,Shepherd_train54,10,15.2488942146,"s, want, don, christ, god, get, sin, ill, preacher, said, ask, t, worship, whi, go",0.0307978626496,0.0176503364886,1.0,0.0,0.60501126255,0.646896829935,0.626234333345
214,Shepherd_train45,10,14.5622692108,"s, sin, christ, get, don, jesus, let, ill, t, want, know, said, god, love, ask",0.0346549216949,0.025474823356,0.8,0.2,0.570426175075,0.645610502804,0.542399267946
215,Shepherd_train64,10,15.4631309509,"s, get, want, don, sin, god, said, christ, go, preach, ask, let, happen, t, ill",0.0304949743784,0.024059356915,0.7,0.3,0.653574094334,0.642403523345,0.679097382077
216,DorothyDay_test10,10,9.08691883087,"prison, get, worker, tri, girl, too, room, maurin, reader, know, say, heard, tell, go, seem",0.0244971857967,0.0197660479722,0.7,0.3,0.749714278847,0.754320186425,0.803578431618
217,PastorAnderson_test6,10,53.5470378399,"s, re, say, go, nt, get, preach, bibl, let, want, know, vers, unto, don, whi",0.0254953375955,0.020851315541,0.7,0.3,0.596693987214,0.678014560111,0.719289223023
218,DorothyDay_test0,10,9.34978699684,"get, worker, room, too, am, eat, bed, night, go, picket, joe, say, farm, away, priest",0.0248717597736,0.0210799985787,0.6,0.4,0.676606688258,0.725574434524,0.625462200871
219,NaumanKhan_train4,10,24.1072208881,"allah, don't, know, say, get, quot, want, apo, someth, talk, quran, go, thing, tell, whi",0.0200657943055,0.0128271118453,0.9,0.1,0.793110418922,0.623260328557,0.71145900986
220,Unitarian_train24,10,18.5084519386,"nt, listen, s, bread, tell, silenc, feel, let, too, know, unitarian, love, i, get, ask",0.0293873891427,0.0213949036502,0.9,0.1,0.645160758046,0.657993920974,0.732614899617
221,WBC_train24,10,20.0281021595,"shall, unto, ye, nt, prayer, god, lord, s, sin, let, thing, heaven, christ, thi, hath",0.0270496095447,0.0270616519708,0.5,0.5,0.641900158695,0.780450102986,0.672574768481
222,WBC_train28,10,17.1603918076,"shall, unto, ye, christ, s, belov, god, thing, thi, heaven, lord, say, repent, sin, let",0.0288675599464,0.0298650270506,0.4,0.6,0.592721579562,0.752182006108,0.628024164156
223,JohnPiper_train18,10,14.4169390202,"vers, joy, say, s, let, god, jesus, will, christ, nt, spirit, whi, hope, lord, truth",0.0301126915251,0.0268893840641,0.7,0.3,0.661586501423,0.755487501643,0.614775763419
224,JohnPiper_test14,10,14.0208439827,"christ, god, grace, say, worship, vers, s, nt, feel, jesus, fill, glori, hope, thing, fear",0.0351494901658,0.0189417525005,0.9,0.1,0.708116252361,0.725425125618,0.718690250403
225,WBC_train35,10,14.9925489426,"unto, shall, thou, crook, thi, god, lot, s, thee, lord, dark, spirit, hath, ye, sin",0.0252583865381,0.0294202383142,0.3,0.7,0.538157356916,0.731138884579,0.830609937787
226,JohnPiper_train39,10,13.1698670387,"god, vers, christ, s, say, let, glori, pray, jesus, prayer, will, nt, thing, love, salvat",0.0302929305998,0.027145447424,0.6,0.4,0.720289783597,0.656484834087,0.595857688677
227,JohnPiper_train40,10,14.7960188389,"god, glori, vers, s, say, christ, nt, thing, abraham, will, jesus, etern, want, hear, honor",0.0295401072368,0.0156879656027,1.0,0.0,0.713079205698,0.654492045092,0.714829269495
228,Shepherd_train58,10,13.9876129627,"s, get, don, want, christ, t, god, fear, ask, know, truth, go, dream, said, say",0.033202306493,0.0231555841974,0.8,0.2,0.605186768687,0.648512392089,0.624757139948
229,Shepherd_train65,10,13.8093700409,"s, don, get, listen, t, want, love, christ, grace, god, know, ask, ill, said, say",0.032279937611,0.0190977951915,0.9,0.1,0.608230742693,0.718675721894,0.661920180317
230,Shepherd_test21,10,15.4144539833,"s, christ, get, don, want, know, ask, t, car, ill, said, god, must, i, say",0.031829558133,0.0203568864552,0.9,0.1,0.612623930334,0.61559335931,0.554832596527
231,Shepherd_test1,10,14.7741308212,"s, christ, don, want, walk, get, know, t, god, ask, preach, preacher, sin, said, i",0.0342229200338,0.0251007966263,0.8,0.2,0.586183618596,0.629468902772,0.566613717849
232,PastorAnderson_train13,10,51.5213468075,"s, nt, say, re, get, go, unto, shall, vers, bibl, know, let, save, talk, preach",0.024580832494,0.0204300925126,0.8,0.2,0.680781427594,0.704531711807,0.758215587247
233,MehrBaba_test0,10,7.275796175,"baba, nt, s, meher, re, want, shri, mandali, realli, impress, room, ve, know, get, hotel",0.04207176341,0.0150748433128,1.0,0.0,0.726749846686,0.759098446517,0.859409728871
234,PastorAnderson_train20,10,48.8380079269,"s, re, nt, say, bibl, get, go, vers, know, let, sin, whi, want, tell, thing",0.0229776970465,0.0212084438626,0.7,0.3,0.636740715251,0.712610137541,0.79328330484
235,Shepherd_train36,10,13.6142349243,"s, get, christ, ask, don, t, grace, rememb, ill, heaven, god, love, said, i, got",0.0344511752235,0.022806231986,0.6,0.4,0.609453178247,0.716889290965,0.666043415928
236,DorothyDay_train35,10,9.49294996262,"worker, farm, get, tree, retreat, too, go, fr, maurin, want, say, garden, priest, hospit, love",0.0258796360239,0.0205262187466,0.7,0.3,0.681936197691,0.744569190276,0.7927523411
237,Unitarian_train17,10,19.1985359192,"am, love, say, unitarian, i, cloth, know, silenc, tell, let, whi, get, dont, s, thing",0.0307169958678,0.0199476864068,1.0,0.0,0.669142751253,0.749342481848,0.696215080912
238,WBC_test0,10,15.1148169041,"shall, unto, christ, sin, satan, love, s, lord, god, belov, ye, thing, say, hath, wit",0.0282384544844,0.0321778765288,0.3,0.7,0.60447786923,0.754291718998,0.710620061994
239,Unitarian_test2,10,23.2419338226,"forgiv, i, nt, love, know, am, let, feel, get, s, ask, someth, think, garden, say",0.0279999424922,0.0233351891719,0.7,0.3,0.70316457201,0.688677661192,0.620994166378
240,NaumanKhan_train6,10,30.5937380791,"allah, say, know, quran, don't, nt, amp, get, talk, thing, someth, want, go, na, s",0.0204661487104,0.0183364522687,0.8,0.2,0.72782035118,0.664919954662,0.545069498768
241,JohnPiper_train49,10,12.89372015,"vers, christ, nt, god, say, s, glori, elder, let, jesus, spirit, hope, scriptur, realli, paul",0.027353128387,0.0181682168833,0.9,0.1,0.662106176841,0.671651406659,0.611140359071
242,JohnPiper_test3,10,13.207734108,"vers, god, grace, s, christ, sin, say, obedi, nt, faith, glori, paul, worship, whi, get",0.0318901206942,0.0213205991789,0.7,0.3,0.678228205537,0.741402045899,0.760057789025
243,DorothyDay_train44,10,12.1846759319,"worker, labor, talk, get, fr, too, farm, know, maurin, priest, peter, told, say, mine, mexican",0.025449083995,0.0180733033546,0.8,0.2,0.729950069759,0.729046634666,0.707664874072
244,JohnPiper_train22,10,11.8017809391,"vers, christ, grace, god, heaven, s, glori, sin, nt, salvat, say, let, rejoic, persecut, will",0.0358192958627,0.0270226251984,0.8,0.2,0.689357583724,0.698900219681,0.734117025258
245,Shepherd_train51,10,13.6478908062,"s, know, bless, say, get, god, want, encourag, wisdom, sin, thing, grace, preacher, ask, dont",0.0347413672408,0.0221213068361,1.0,0.0,0.639000950209,0.704944727812,0.539583802963
246,JohnPiper_train34,10,12.6898732185,"god, sin, vers, s, say, nt, coven, righteous, jesus, will, yuml, lord, want, thing, piper",0.0292763690509,0.0296129608594,0.5,0.5,0.644005969292,0.693586183896,0.747572164511
247,Shepherd_train48,10,14.8404898643,"christ, s, get, jesus, love, don, t, preacher, ask, ill, want, said, i, sin, judg",0.0357988951199,0.0200795905076,0.8,0.2,0.5858091303,0.640574850227,0.542206022752
248,Rabbinic_test3,10,14.1660850048,"jew, jewish, rabbi, jewri, synagogu, know, ask, want, am, rememb, answer, judaism, convers, tell, i",0.0227472389455,0.016551311522,0.7,0.3,0.809998793234,0.70726225017,0.63412147489
249,Shepherd_test11,10,14.5690460205,"s, don, get, want, christ, ask, t, know, god, ill, bless, heaven, jesus, said, lord",0.036378000471,0.0234445455632,0.9,0.1,0.625659912893,0.664116269114,0.553674501341
250,JohnPiper_train54,10,12.3111181259,"vers, righteous, god, s, sin, say, christ, hope, fear, am, coven, gospel, fountain, let, will",0.0369354016543,0.0228903887915,0.8,0.2,0.686732041151,0.684644922915,0.727435000208
251,PastorAnderson_train14,10,55.4721689224,"s, re, nt, say, get, bibl, go, want, know, save, vers, whi, let, talk, unto",0.0260570361368,0.0212256501793,0.5,0.5,0.665178402102,0.686447111062,0.756018722964
252,DorothyDay_test22,10,13.6751830578,"get, prison, worker, too, say, fear, negro, night, talk, go, pray, ask, room, told, tamar",0.0244539097265,0.027708880356,0.4,0.6,0.691008601258,0.729105779765,0.673514266592
253,MehrBaba_train17,10,8.33696699142,"baba, meher, sanskara, master, conscious, spiritu, shri, evil, love, soul, mind, aspir, perfect, realiz, impress",0.0359451587185,0.0220177341186,0.8,0.2,0.691940306377,0.792155317538,0.796676368677
254,DorothyDay_test17,10,11.905684948,"worker, talk, room, night, too, get, i, go, picket, woman, hour, camp, rememb, morn, job",0.0242839561687,0.021548957433,0.6,0.4,0.690817527809,0.719770452033,0.725147026681
255,JohnPiper_train25,10,11.723033905,"christ, god, s, fear, promis, hope, jesus, vers, say, fellowship, lord, glori, abraham, job, sin",0.0345756225963,0.0252313611275,0.8,0.2,0.691419057249,0.696579173385,0.783323687191
256,DorothyDay_test7,10,9.05662989616,"get, worker, too, am, want, talk, i, say, go, tri, joy, love, thing, hour, visit",0.027206342571,0.0213014319033,0.7,0.3,0.702233881988,0.775767634137,0.61450093659
257,Shepherd_train22,10,14.277766943,"s, get, christ, don, sin, said, god, t, hell, ill, got, know, lord, grace, i",0.0307952168582,0.0242650459864,0.8,0.2,0.62430474269,0.669078911994,0.775663155542
258,NaumanKhan_test2,10,16.3828380108,"allah, nt, say, know, get, don't, someth, talk, s, quran, want, tell, thing, forgiv, na",0.0238423687282,0.0215783122742,0.6,0.4,0.753757108328,0.653597839613,0.771632753088
259,JohnPiper_train52,10,11.5785660744,"vers, spirit, god, say, christ, s, sin, pray, etern, glori, jesus, sheep, nt, want, delight",0.0287419262908,0.0225223411695,0.7,0.3,0.675265184274,0.798003505535,0.609281141678
260,WBC_train39,10,15.9475541115,"shall, unto, ye, lord, thou, thi, god, thee, s, wit, sin, hath, belov, say, christ",0.0269704156656,0.0297788723617,0.3,0.7,0.585116352965,0.737948858483,0.593841496042
261,Shepherd_train56,10,15.5195250511,"s, get, don, want, job, god, know, christ, t, ask, wisdom, ill, preacher, bless, say",0.0314182741321,0.0226861921663,0.7,0.3,0.61877161316,0.629491890532,0.506928988012
262,Shepherd_train71,10,13.7864789963,"sin, s, don, get, christ, love, ask, god, jesus, know, trust, whi, tell, go, said",0.0328372290156,0.0264152059854,0.7,0.3,0.668893746453,0.683572443316,0.734910147453
263,Shepherd_train43,10,14.6934728622,"s, don, christ, get, pray, ask, know, god, t, evil, ill, preach, pay, bless, said",0.0295070912065,0.0227428185591,0.8,0.2,0.60974668745,0.668358972465,0.541825045817
264,Shepherd_train49,10,13.505699873,"s, don, get, christ, t, ill, god, said, go, know, let, lord, better, want, sin",0.0363169971569,0.0204548900636,1.0,0.0,0.651946282087,0.683665721364,0.630549556833
265,Rabbinic_test4,10,10.5915198326,"rabbi, synagogu, know, jewish, torah, want, jewri, jew, moment, israel, whi, elisha, bless, god, let",0.0205552205012,0.0185040740599,0.5,0.5,0.731521510292,0.732961018536,0.609434512869
266,Shepherd_test18,10,14.3602199554,"s, christ, don, want, jesus, ill, said, sin, god, ask, prayer, get, t, let, thing",0.029597234349,0.0232684666308,0.8,0.2,0.576885724569,0.640713334777,0.738393946837
267,PastorAnderson_test0,10,47.0874450207,"s, re, nt, say, go, bibl, get, vers, christ, look, shall, know, unto, let, want",0.0223026722494,0.0211726176542,0.7,0.3,0.711787503848,0.724996273257,0.731149239736
268,JohnPiper_train36,10,11.7313899994,"god, prayer, vers, christ, s, say, jesus, let, joy, lord, answer, nt, woman, shall, thing",0.0261438740823,0.019243350781,0.6,0.4,0.716927112196,0.717362592668,0.661713209804
269,Unitarian_train19,10,19.4806888103,"let, prison, trust, say, love, am, jefferson, know, i, dont, s, christma, whi, get, talk",0.0307979523842,0.0231154713946,0.9,0.1,0.669844350608,0.694217985244,0.539473541571
270,Rabbinic_train8,10,10.7276549339,"rabbi, hartman, prayer, know, jacob, jewish, steinberg, jew, forgiv, god, privileg, israel, ourselv, isra, let",0.0180724391747,0.0185922817943,0.6,0.4,0.726953648978,0.71486811518,0.540379507947
271,Unitarian_train22,10,18.6016850471,"say, heaven, know, get, dream, want, i, nt, am, frustrat, love, els, s, justic, silenc",0.0295444643058,0.0216416756018,0.7,0.3,0.656765310924,0.692388177917,0.542637203424
272,DorothyDay_train39,10,8.89463996887,"love, worker, babi, get, talk, labor, want, bed, fr, ask, room, night, shall, poverti, tri",0.0265287931679,0.0208230822018,0.8,0.2,0.728201515637,0.753536004962,0.635331877279
273,WBC_train26,10,12.0874340534,"shall, sin, unto, thou, thi, god, s, thee, ye, say, baptist, sermon, wit, lord, sunday",0.0268780304151,0.0310784840645,0.5,0.5,0.603718101651,0.749680971659,0.644184694814
274,WBC_train14,10,14.5247619152,"shall, unto, ye, coven, god, hath, christ, lord, blood, belov, sin, thou, thing, zion, heaven",0.0289374898984,0.0250505289053,0.5,0.5,0.627488117064,0.744858796491,0.734854087753
275,DorothyDay_train48,10,10.7384519577,"negro, room, get, too, worker, pay, go, farm, priest, dont, tell, i, say, cuba, know",0.0260232265948,0.017444763237,0.7,0.3,0.680186553313,0.717612352843,0.714517887221
276,Shepherd_train60,10,14.7914690971,"s, get, evil, happen, don, want, ask, know, must, said, ill, god, christ, t, lord",0.0282170100056,0.0264346561714,0.6,0.4,0.557022137375,0.661996465261,0.638242712374
277,JohnPiper_test12,10,12.78905797,"prayer, vers, god, pray, s, say, nt, hope, want, thing, strive, jesus, christ, will, promis",0.0272720708239,0.0177976310182,0.7,0.3,0.712967544951,0.646325478825,0.638637114658
278,DorothyDay_test19,10,8.4499399662,"worker, labor, get, talk, strike, too, street, fellow, bread, go, room, unemploy, mott, let, tri",0.025794270423,0.0190669926712,0.7,0.3,0.673062549863,0.74362519571,0.733355523555
279,PastorAnderson_train18,10,43.9912531376,"s, re, nt, say, get, bibl, go, want, know, vers, let, talk, look, unto, whi",0.0296871078405,0.0161142053827,1.0,0.0,0.71235283326,0.686620269866,0.740825268315
280,MehrBaba_test5,10,7.4624209404,"baba, love, ask, pure, mind, feel, s, shri, i, master, realiz, spirit, shall, told, am",0.0353488980137,0.0193121194933,0.8,0.2,0.842706059193,0.721283118458,0.746625316204
281,WBC_train31,10,21.170814991,"shall, unto, ye, injuri, christ, spirit, god, thou, s, say, lord, sin, longsuff, jesus, wit",0.0251449334987,0.0319247132969,0.3,0.7,0.605937251885,0.805972956136,0.757631091016
282,DorothyDay_train32,10,9.33365797997,"worker, farm, fr, get, retreat, too, prayer, talk, picket, kept, rememb, room, i, pray, go",0.0221582370365,0.0188899672061,0.7,0.3,0.746739801086,0.77330075554,0.722738835342
283,Rabbinic_train11,10,9.7579100132,"jew, â€œno, synagogu, refuge, torah, know, keter, rabbi, jewish, want, get, paint, moment, feel, whi",0.0199976393448,0.0179379850109,0.6,0.4,0.738965464673,0.78112122059,0.859513813051
284,WBC_test7,10,18.1144039631,"thi, shall, unto, thou, christ, ye, lord, thee, s, sermon, heaven, god, hast, sin, obama",0.0312527260581,0.0249645256132,0.7,0.3,0.606958969345,0.763422371532,0.783511796814
285,JohnPiper_train46,10,13.2896101475,"sin, vers, s, christ, god, say, hope, endur, nt, gentil, let, shall, spirit, circumcis, bold",0.0294617327135,0.0228835797034,0.6,0.4,0.648712137313,0.746530601426,0.705494606465
286,DorothyDay_train43,10,9.92377710342,"fr, love, retreat, worker, roy, ask, priest, too, hour, go, street, am, tri, floor, bread",0.0272197792664,0.0193550319569,0.9,0.1,0.697888374259,0.722060193283,0.690491038007
287,DorothyDay_train67,10,18.0236020088,"get, farm, too, worker, room, babi, talk, tamar, night, go, say, i, joy, how, prayer",0.0231871783448,0.0182019039401,0.8,0.2,0.731381216235,0.72217285549,0.698070050173
288,Shepherd_train67,10,14.6185019016,"s, love, preacher, christ, want, get, god, ill, said, don, go, i, know, say, faith",0.0393419369613,0.0205087937387,1.0,0.0,0.637184706116,0.647915569374,0.682507434821
289,DorothyDay_train76,10,10.3977539539,"get, too, worker, babi, want, tri, room, prayer, say, go, talk, street, i, am, pray",0.0278185166327,0.0246993999497,0.6,0.4,0.730036517534,0.674161270548,0.629017049684
290,Shepherd_test7,10,15.1865489483,"pray, s, get, prayer, sin, want, don, christ, ask, thing, ill, said, god, heaven, spirit",0.0284991782511,0.0257232271189,0.6,0.4,0.571105412652,0.617679933532,0.554824751419
291,PastorAnderson_train11,10,54.9102621078,"s, re, nt, say, get, go, bibl, want, husband, vers, let, know, thing, talk, lot",0.024718198114,0.0160792910064,0.8,0.2,0.660388217206,0.679837134044,0.785432859911
292,MehrBaba_train12,10,11.1959350109,"baba, meher, imperson, realiz, master, love, avatar, self, mind, infinit, s, sufi, imper, plane, get",0.0379314052603,0.0145534605522,0.9,0.1,0.752393343321,0.774605441218,0.839879953732
293,MehrBaba_test2,10,11.5974180698,"baba, love, perfect, meher, s, infinit, mind, feel, want, master, spiritu, realiz, nt, belov, lover",0.0342319123986,0.013441052264,0.9,0.1,0.733945095298,0.772176946088,0.637305974255
294,MehrBaba_train25,10,10.910681963,"baba, jan, spiritu, mind, conscious, divin, master, realiz, infinit, finit, feel, meher, s, discipl, hazrat",0.0322772230539,0.0149726177503,0.9,0.1,0.650599268058,0.770582964544,0.73814847402
295,Shepherd_train34,10,14.3909368515,"s, christ, get, ask, ill, don, tell, t, jesus, yes, said, judg, know, disagr, want",0.0317524194706,0.0227083943049,0.8,0.2,0.54366528504,0.716027103052,0.51901939807
296,Shepherd_train25,10,12.9407739639,"s, want, god, christ, know, don, preach, get, spirit, prepar, fill, preacher, thing, think, t",0.0331958969335,0.018447317973,1.0,0.0,0.653260550388,0.682829998456,0.682708016261
297,Unitarian_train15,10,17.5611670017,"garden, love, say, am, nt, feel, wonder, rememb, tree, want, s, dont, i, silenc, yes",0.0317828535116,0.0181333145256,1.0,0.0,0.663439999599,0.731366857954,0.735481098536
298,Unitarian_test4,10,24.1269099712,"get, am, hurt, i, want, s, feel, nt, let, dont, silenc, ask, thing, say, too",0.0265107713923,0.0242427858279,0.6,0.4,0.627524040426,0.737823749632,0.612731949431
299,JohnPiper_train55,10,12.6892971992,"vers, god, s, nt, christ, say, glori, jesus, sin, merci, know, whi, thing, priest, let",0.0328771685974,0.0229191223217,0.6,0.4,0.670799601212,0.703843963678,0.714427110078
300,JohnPiper_test1,10,11.758450985,"vers, god, righteous, christ, spirit, s, say, jesus, homosexu, wonder, nt, let, evil, shall, habakkuk",0.0308633501606,0.0237700792807,0.7,0.3,0.688818881902,0.762659137453,0.671837243576
301,WBC_train36,10,19.5283079147,"shall, unto, satan, thou, ye, joy, god, s, lord, sin, thee, christ, thi, etern, will",0.0265545291368,0.0315237686938,0.2,0.8,0.636445961843,0.759405276042,0.812724430963
302,Shepherd_train53,10,14.523214817,"s, get, don, pray, christ, know, ask, sin, judg, lord, say, t, god, wisdom, ill",0.0329340003417,0.027415234623,0.6,0.4,0.575828350731,0.666169228225,0.691539712337
303,JohnPiper_train38,10,13.3158550262,"vers, god, s, say, grace, barnaba, lord, bethlehem, christ, will, nt, shall, templ, justifi, biblic",0.0363214916444,0.0190285669153,0.8,0.2,0.697893063079,0.764525024867,0.803983319557
304,DorothyDay_train53,10,16.0495340824,"get, worker, too, tree, go, tri, morn, feel, night, farm, room, say, told, dollar, street",0.0254494385174,0.0202383138915,0.8,0.2,0.658617402396,0.724994002284,0.802526029191
305,Shepherd_train46,10,14.8691048622,"s, preach, don, want, get, t, know, ask, christ, god, whi, i, said, didn, go",0.0331131059731,0.0193917621022,1.0,0.0,0.640278180098,0.686066248267,0.61550848313
306,Rabbinic_test1,10,11.0751569271,"torah, rabbi, jewish, jew, know, birthright, koufax, israel, am, goldston, ask, moment, hyphen, love, feel",0.0230556163013,0.0126645640294,1.0,0.0,0.753774994056,0.715657342469,0.583689885981
307,WBC_train18,10,15.7883410454,"shall, unto, christ, s, obama, ye, say, god, sermon, spirit, thou, suffer, heaven, ie, lord",0.0257122273471,0.0312710035245,0.3,0.7,0.582877743788,0.726678086521,0.782212220976
308,Shepherd_test17,10,15.1032328606,"s, get, don, want, god, said, know, preach, thank, preacher, t, ill, christ, enoch, say",0.0376500041205,0.0202208695873,1.0,0.0,0.612069934793,0.659257917457,0.616181443769
309,WBC_train22,10,16.7201061249,"unto, shall, god, glori, thou, lord, s, christ, thee, say, worship, thing, sermon, ye, ie",0.0249287414736,0.0249795991685,0.6,0.4,0.593729233961,0.720650548997,0.711955624621
310,DorothyDay_test20,10,10.015627861,"get, room, worker, too, talk, i, farm, love, am, priest, hospit, tri, retreat, car, visit",0.0281448618925,0.015318766772,0.8,0.2,0.650919359349,0.712085523018,0.761514781647
311,MehrBaba_train15,10,13.4710290432,"baba, master, meher, conscious, shri, discipl, s, spiritu, sai, soul, perfect, want, mind, divin, love",0.030523535125,0.0150004468255,0.9,0.1,0.742943852534,0.742812357951,0.693531791948
312,DorothyDay_test15,10,14.1844489574,"get, worker, too, room, talk, go, helen, girl, poverti, cloth, thing, will, street, love, christ",0.0269793326045,0.018587984186,0.8,0.2,0.670852044065,0.735409554336,0.74203973009
313,WBC_train33,10,16.2865748405,"shall, crook, lot, unto, s, sin, god, ye, christ, bless, curs, say, heaven, hath, sermon",0.0257384222059,0.0295609103596,0.4,0.6,0.64021509363,0.717718503714,0.772616943077
314,DorothyDay_test5,10,10.7841231823,"worker, get, room, too, floor, han, destitut, farm, dollar, hospit, night, job, talk, tri, fr",0.0214970464399,0.0237867145129,0.6,0.4,0.743252310985,0.743447066127,0.834409203373
315,WBC_test9,10,14.1588759422,"unto, shall, sin, thi, s, god, thou, christ, ye, sermon, sunday, preach, outlin, say, lord",0.025506827562,0.0314678719074,0.3,0.7,0.557012994928,0.795113838792,0.626294903821
316,Unitarian_train27,6,11.0662620068,"love, rod, bread, belov, s, guilt, flow, sexual, everyon, am, ourselv, let, twilight, whi, joy",0.0298206646721,0.0233167481363,0.833333333333,0.166666666667,0.511815913659,0.662713736911,0.684943102025
317,WBC_train21,10,13.7911400795,"unto, shall, thou, ye, s, thi, god, lord, sin, thee, hath, christ, love, sermon, twain",0.0275571641888,0.0296117026559,0.6,0.4,0.575070809976,0.740547847915,0.724101692275
318,Shepherd_train41,10,14.4696240425,"s, get, sin, don, ask, christ, want, t, knock, door, said, sing, ill, jesus, preach",0.0308832090413,0.0276702635779,0.7,0.3,0.572580866677,0.621991782013,0.577762867662
319,DorothyDay_train54,10,9.49124717712,"worker, get, tri, too, ask, simon, maurin, hospit, priest, fr, cw, go, poverti, pay, say",0.0270428435225,0.0215872007367,0.7,0.3,0.707776756787,0.755089835315,0.643764658824
320,JohnPiper_test17,10,12.6000978947,"god, vers, s, christ, sin, job, say, prayer, pray, love, nt, marriag, shall, let, glori",0.0293816516319,0.0282005502045,0.5,0.5,0.681173227692,0.725541919187,0.804414591926
321,NaumanKhan_test1,10,23.1056218147,"allah, say, talk, know, get, nt, na, quran, want, don't, ask, thing, wa, someth, ayah",0.0206794682028,0.0141675114614,0.8,0.2,0.723088788032,0.670358733328,0.640860898847
322,PastorAnderson_test2,10,59.6284339428,"s, say, re, get, nt, bibl, go, talk, vers, save, don, want, know, let, thing",0.0250737305022,0.0211588224349,0.7,0.3,0.603201510206,0.724627792759,0.769211954696
323,Unitarian_train20,10,16.8264849186,"am, want, compass, i, authent, talk, stigma, say, let, s, know, love, unitarian, get, justic",0.0285128556573,0.0248428077058,0.8,0.2,0.698749030792,0.69013600066,0.641725391528
324,Rabbinic_train14,10,9.87374901772,"torah, mose, jew, rabbi, know, moment, jacob, congreg, jewish, will, israel, am, god, hope, jewri",0.0187752414461,0.0163219373642,0.8,0.2,0.764979668573,0.729063263856,0.678810884444
325,WBC_train40,10,15.52363801,"shall, unto, s, god, say, thou, ye, heaven, hath, christ, wit, sermon, babylon, lord, belov",0.0263506492369,0.0264296735771,0.5,0.5,0.538562010771,0.745743923831,0.749600931188
326,Unitarian_test8,10,22.5694739819,"get, s, love, unitarian, say, ask, know, tell, i, circl, am, too, feel, nt, garden",0.0283982936475,0.0178540605612,1.0,0.0,0.651324713254,0.75819684706,0.759065711864
327,JohnPiper_train43,10,13.9636518955,"god, vers, s, say, love, christ, grace, glori, promis, let, lord, will, nt, boast, want",0.0358858764247,0.0183596977931,1.0,0.0,0.693836784707,0.729530536472,0.598826857925
328,WBC_train16,10,14.4420659542,"shall, unto, god, s, ye, lord, christ, thou, sodomit, say, belov, inherit, let, heaven, thing",0.0246463746941,0.0261448865787,0.5,0.5,0.609013960788,0.791006579131,0.681683910333
329,Shepherd_train62,10,13.4892840385,"s, christ, sin, get, don, ill, t, god, ask, mind, want, whi, said, someon, go",0.0321355203034,0.0224617012772,0.8,0.2,0.602073900305,0.659164404339,0.607565977318
330,JohnPiper_test10,10,13.3993909359,"vers, christ, s, sin, god, nt, spirit, grace, let, say, barnaba, boast, feel, thing, will",0.0335991039791,0.0232661919105,0.8,0.2,0.672496500444,0.702446648284,0.648693745484
331,Shepherd_test2,10,13.6077160835,"s, christ, get, don, know, ask, t, sin, love, i, pray, ill, want, jesus, god",0.033614011131,0.0245328667361,0.7,0.3,0.610395569207,0.668412393518,0.547912170628
332,MehrBaba_train19,10,8.90692806244,"baba, love, realiz, spiritu, master, feel, divin, blind, discipl, shri, meher, bahinabai, s, imperson, perfect",0.0380111472825,0.0172604155791,1.0,0.0,0.731895883694,0.778273063237,0.699261618239
333,MehrBaba_test7,10,9.96680188179,"baba, master, s, plane, stay, perfect, love, spiritu, janabai, tri, feel, discipl, realiti, mind, obedi",0.0330812753799,0.0146421639732,0.9,0.1,0.703788787078,0.760607214618,0.695028725771
334,MehrBaba_train22,10,9.76494312286,"baba, s, nt, get, meher, feel, crave, mind, worri, damaan, love, spiritu, ve, know, got",0.0333522531561,0.0190508880411,0.8,0.2,0.635562059638,0.759786180436,0.718534523233
335,DorothyDay_train25,10,7.82972216606,"room, get, worker, moscow, tell, ask, bed, mike, go, walk, cesar, farm, too, refus, say",0.0232561880601,0.0231613545091,0.5,0.5,0.739190130262,0.701857989432,0.717812488851
336,Shepherd_train40,10,13.9193470478,"s, grace, want, god, don, christ, get, testimoni, t, sin, i, ill, said, jesus, lord",0.035924796078,0.0224791089013,0.8,0.2,0.621007453291,0.703065224958,0.559289601585
337,Shepherd_train39,10,16.9453599453,"s, get, don, ask, ill, christ, t, bless, fear, said, god, want, let, pray, know",0.0330294520594,0.0195263115585,0.9,0.1,0.588487289822,0.670884085327,0.679893957455
338,DorothyDay_train30,10,10.8626079559,"love, get, too, dolci, talk, room, farm, rememb, say, poverti, worker, tri, larri, christ, priest",0.0247529582549,0.0211573825198,0.7,0.3,0.75646444331,0.755236847803,0.694992711622
339,Rabbinic_train13,10,10.2853939533,"jew, jewish, convers, judaism, durkheim, bless, torah, rabbi, don't, will, know, jacob, orthodox, isra, moment",0.0212990193846,0.0144631188946,0.9,0.1,0.720837702266,0.720771671693,0.783420081466
340,Shepherd_train28,10,15.0631039143,"don, s, get, t, god, want, pray, say, ask, whi, ill, preach, go, know, i",0.0335046908674,0.0230011383358,0.7,0.3,0.589779476214,0.706075635259,0.689962299084
341,WBC_test5,10,14.6568911076,"unto, shall, lord, ye, thou, hope, s, thee, christ, god, thi, hath, heaven, sermon, say",0.029736535338,0.0274714661643,0.6,0.4,0.611329829258,0.706666903658,0.738110963577
342,Unitarian_test1,10,18.97656703,"unitarian, want, am, f, say, fig, i, get, tree, feel, anger, nt, s, congreg, know",0.0255619496181,0.0183791294537,0.9,0.1,0.629219225327,0.678016449848,0.680058681922
343,JohnPiper_train44,10,11.8953089714,"vers, christ, god, hope, s, wisdom, etern, say, grace, nt, glori, will, spirit, thing, mind",0.0329341127832,0.0156356522078,1.0,0.0,0.681537521536,0.75160398624,0.708061980811
344,JohnPiper_test6,10,13.3014559746,"love, god, christ, coven, say, nt, vers, s, let, jesus, promis, sin, shall, glori, steal",0.0322485680386,0.0183495984537,0.9,0.1,0.662466430848,0.734802837257,0.720389739621
345,DorothyDay_train41,10,9.16345500946,"love, retreat, sin, worker, say, too, get, fr, god, pay, tri, tree, ask, thing, labor",0.0263577859472,0.0226182807475,0.7,0.3,0.693928193203,0.721736185529,0.681606319572
346,JohnPiper_train21,10,12.4536077976,"vers, god, righteous, love, s, nt, say, save, jesus, sin, let, christ, will, joy, know",0.037759935311,0.0230246692991,0.8,0.2,0.663311177668,0.721018834227,0.772803245857
347,DorothyDay_train61,10,8.94004797935,"room, worker, get, am, maurin, night, farm, stanley, prison, too, hospit, tri, talk, bishop, love",0.0268577842162,0.0203762065349,0.7,0.3,0.729712521651,0.750039479215,0.722454933347
348,Shepherd_train69,10,13.7410149574,"s, get, christ, god, don, sin, ill, ask, whi, said, know, want, thing, say, prepar",0.0296445021171,0.023176549577,0.7,0.3,0.615969322321,0.704130520801,0.708867342629
349,DorothyDay_train74,10,9.86936402321,"worker, room, go, christma, too, get, am, love, night, pray, joy, i, feel, morn, christ",0.0216701054064,0.0262970641809,0.4,0.6,0.655830338537,0.727228186518,0.706185688068
350,Shepherd_test12,10,13.4491062164,"pray, prayer, s, get, don, ask, want, christ, god, t, ill, heaven, said, satan, jesus",0.0296650134048,0.0204867700497,0.8,0.2,0.627805402034,0.662642755544,0.63513360423
351,Shepherd_test5,10,14.1098470688,"s, get, christ, preach, don, said, want, say, ill, wisdom, heaven, god, preacher, t, will",0.0375668755625,0.0235241903333,0.8,0.2,0.595153847669,0.649752730582,0.608091596801
352,MehrBaba_train9,10,7.52039003372,"baba, sanskara, meher, joy, pure, conscious, shri, mind, spiritu, desir, love, fulfil, suffer, feel, pain",0.0448617248517,0.0182515555542,0.9,0.1,0.722985805679,0.829986575545,0.864145078577
353,PastorAnderson_train17,10,52.1961328983,"s, re, nt, say, go, get, bibl, want, know, let, thing, vers, unto, whi, talk",0.0260377871869,0.0164121258766,0.9,0.1,0.64740184962,0.716868323893,0.7555075384
354,MehrBaba_train10,10,16.0241601467,"baba, meher, s, nt, love, ask, babajan, feel, mind, get, know, master, spiritu, conscious, everyth",0.0310502702527,0.0198204344082,0.9,0.1,0.740839465831,0.724309009745,0.654744895557
